Timestamp,Pressure (hPa),Lat,Long,
15:55:00,1011.365509,-6.794087552,39.21942121,
15:55:00,1011.369324,-6.794087552,39.21942121,
15:55:08,1011.403427,-6.795295089,39.21928859,
15:55:09,1011.404572,-6.795306825,39.21928606,
15:55:16,1011.394043,-6.794542448,39.21936292,
15:55:25,1011.390991,-6.794817798,39.21931858,
15:55:26,1011.403503,-6.794621517,39.21935471,
15:55:27,1011.41037,-6.794471514,39.21938986,
15:55:28,1011.417389,-6.794398758,39.21941584,
15:55:29,1011.417389,-6.794315934,39.21943695,
15:55:30,1011.408691,-6.794206935,39.21945123,
15:55:31,1011.396713,-6.794119862,39.21947951,
15:55:32,1011.38916,-6.794075007,39.2194954,
15:55:33,1011.383591,-6.794043578,39.2195053,
15:55:34,1011.378708,-6.7940215,39.21951538,
15:55:35,1011.372452,-6.793994873,39.21952946,
15:55:36,1011.3694,-6.79395748,39.2195308,
15:55:37,1011.366653,-6.793910329,39.21953884,
15:55:38,1011.362915,-6.793887318,39.21954481,
15:55:39,1011.360931,-6.793811392,39.21956027,
15:55:40,1011.360931,-6.793739497,39.21957873,
15:55:41,1011.368484,-6.793660335,39.21960327,
15:55:42,1011.372452,-6.793580303,39.21962002,
15:55:43,1011.373444,-6.793503049,39.21964064,
15:55:44,1011.373444,-6.793437462,39.21965188,
15:55:45,1011.372986,-6.79338346,39.21967873,
15:55:46,1011.365433,-6.793347985,39.21969412,
15:55:47,1011.357727,-6.793304445,39.21970194,
15:55:48,1011.352615,-6.793258497,39.21970508,
15:55:49,1011.340942,-6.793208684,39.21972144,
15:55:50,1011.335678,-6.793137826,39.21973731,
15:55:51,1011.325989,-6.793044469,39.21975668,
15:55:52,1011.312714,-6.792956897,39.21979488,
15:55:53,1011.309814,-6.792875126,39.21981667,
15:55:54,1011.309814,-6.792786834,39.21984307,
15:55:55,1011.314087,-6.792688293,39.21986145,
15:55:56,1011.328735,-6.792591775,39.21988906,
15:55:57,1011.359177,-6.792505301,39.21991381,
15:55:58,1011.39328,-6.792400848,39.21992763,
15:55:59,1011.431808,-6.792300519,39.21994303,
15:56:00,1011.4785,-6.792208183,39.21996888,
15:56:01,1011.530457,-6.792111003,39.21999368,
15:56:02,1011.584396,-6.792008325,39.22001546,
15:56:03,1011.628265,-6.791901212,39.22002733,
15:56:04,1011.662598,-6.791779911,39.22006955,
15:56:05,1011.696625,-6.791668305,39.220095,
15:56:06,1011.727982,-6.791548119,39.22012427,
15:56:07,1011.74469,-6.791429214,39.2201513,
15:56:08,1011.758423,-6.791313277,39.22017983,
15:56:09,1011.774063,-6.79120282,39.22020845,
15:56:10,1011.774063,-6.79110277,39.22024081,
15:56:11,1011.769028,-6.791002849,39.22028279,
15:56:12,1011.761627,-6.790893816,39.2203222,
15:56:13,1011.761627,-6.790780982,39.2203602,
15:56:14,1011.764679,-6.790671104,39.22040083,
15:56:15,1011.766739,-6.790556871,39.22045169,
15:56:16,1011.773758,-6.790456832,39.22051037,
15:56:17,1011.779175,-6.790346737,39.22055394,
15:56:18,1011.779175,-6.790252889,39.22061736,
15:56:19,1011.769791,-6.790150138,39.22067648,
15:56:20,1011.754227,-6.790051286,39.22074094,
15:56:21,1011.7379,-6.789947292,39.22082876,
15:56:22,1011.721573,-6.789861998,39.22089288,
15:56:23,1011.702271,-6.789768674,39.22096187,
15:56:24,1011.684647,-6.789676094,39.22103199,
15:56:25,1011.676636,-6.789606327,39.22108813,
15:56:26,1011.663437,-6.78960131,39.22112321,
15:56:27,1011.64093,-6.78960085,39.22113162,
15:56:28,1011.62384,-6.789635965,39.22112122,
15:56:29,1011.610718,-6.789647662,39.2210919,
15:56:30,1011.594772,-6.789628302,39.22110964,
15:56:31,1011.587067,-6.789589092,39.22114557,
15:56:32,1011.587067,-6.789569441,39.22116358,
15:56:33,1011.587067,-6.789560171,39.22117124,
15:56:34,1011.585846,-6.789541802,39.22118761,
15:56:35,1011.585312,-6.789519211,39.22120779,
15:56:36,1011.584473,-6.78949639,39.22122842,
15:56:37,1011.58226,-6.789478918,39.22124422,
15:56:38,1011.58226,-6.789470096,39.2212522,
15:56:39,1011.583939,-6.789484128,39.22123951,
15:56:40,1011.585159,-6.789484258,39.22123939,
15:56:41,1011.588821,-6.789507348,39.2212183,
15:56:42,1011.592255,-6.78950707,39.22121877,
15:56:43,1011.594543,-6.789506372,39.2212194,
15:56:44,1011.59584,-6.789504285,39.22122128,
15:56:45,1011.59584,-6.789501376,39.22122392,
15:56:46,1011.593094,-6.789501376,39.22122392,
15:56:47,1011.590805,-6.789515781,39.22121089,
15:56:48,1011.590271,-6.789519821,39.22122945,
15:56:49,1011.58783,-6.789501161,39.22122411,
15:56:50,1011.58577,-6.789494422,39.2212302,
15:56:51,1011.585693,-6.789485406,39.22123835,
15:56:52,1011.585617,-6.789494047,39.22123054,
15:56:53,1011.585617,-6.789493114,39.22123139,
15:56:54,1011.58699,-6.789509741,39.22123689,
15:56:55,1011.589966,-6.78951109,39.22123394,
15:56:56,1011.592789,-6.789515206,39.22122822,
15:56:57,1011.594696,-6.789515164,39.22122829,
15:56:58,1011.596298,-6.789520706,39.22122254,
15:56:59,1011.596451,-6.78951147,39.22123207,
15:57:00,1011.596298,-6.789511575,39.22123187,
15:57:01,1011.596069,-6.789511575,39.22123187,
15:57:02,1011.591263,-6.789511575,39.22123187,
15:57:03,1011.58638,-6.789511575,39.22123187,
15:57:04,1011.584625,-6.789511575,39.22123187,
15:57:05,1011.580734,-6.789511575,39.22123187,
15:57:06,1011.576004,-6.7895175,39.22121216,
15:57:07,1011.574249,-6.789518331,39.2212127,
15:57:08,1011.571655,-6.789515955,39.22121371,
15:57:09,1011.568909,-6.789512447,39.22121531,
15:57:10,1011.566467,-6.789509777,39.22121713,
15:57:11,1011.565628,-6.789506772,39.22121953,
15:57:12,1011.565323,-6.789501761,39.22121958,
15:57:13,1011.563263,-6.789498391,39.22122119,
15:57:14,1011.562805,-6.789492614,39.22122253,
15:57:15,1011.562119,-6.789489529,39.22121851,
15:57:16,1011.561279,-6.789492196,39.22121402,
15:57:17,1011.561203,-6.789491185,39.22121501,
15:57:18,1011.561203,-6.789491185,39.22121501,
15:57:19,1011.561661,-6.789491185,39.22121501,
15:57:20,1011.561661,-6.789491185,39.22121501,
15:57:21,1011.558914,-6.789491185,39.22121501,
15:57:22,1011.555634,-6.789496476,39.22119726,
15:57:23,1011.551056,-6.789499339,39.22119469,
15:57:24,1011.547318,-6.789503595,39.22119289,
15:57:25,1011.541061,-6.789502377,39.22119541,
15:57:26,1011.539154,-6.789502097,39.22119782,
15:57:27,1011.537476,-6.789498815,39.22119755,
15:57:28,1011.533051,-6.78947432,39.2212006,
15:57:29,1011.528397,-6.789449178,39.22122419,
15:57:30,1011.528244,-6.789410243,39.22126117,
15:57:31,1011.525116,-6.789373142,39.2212885,
15:57:32,1011.525116,-6.789322787,39.22133059,
15:57:33,1011.525879,-6.78926733,39.22137137,
15:57:34,1011.526337,-6.789226205,39.22142686,
15:57:35,1011.528549,-6.789172964,39.22147457,
15:57:36,1011.530991,-6.789118015,39.22152382,
15:57:37,1011.533203,-6.789043493,39.2215906,
15:57:38,1011.533813,-6.788971343,39.22167584,
15:57:39,1011.536026,-6.788893294,39.2217456,
15:57:40,1011.539688,-6.7888251,39.22180709,
15:57:41,1011.542587,-6.78875397,39.22187112,
15:57:42,1011.544266,-6.788679468,39.22193804,
15:57:43,1011.551819,-6.788606656,39.2220037,
15:57:44,1011.557083,-6.788529794,39.2220734,
15:57:45,1011.560745,-6.788449371,39.22214178,
15:57:46,1011.564484,-6.788370206,39.22220663,
15:57:47,1011.570358,-6.788289386,39.22227488,
15:57:48,1011.57753,-6.788207041,39.22233735,
15:57:49,1011.586685,-6.788126513,39.22240369,
15:57:50,1011.591644,-6.788049225,39.22246934,
15:57:51,1011.595917,-6.787959877,39.2225013,
15:57:52,1011.599808,-6.787873976,39.2225415,
15:57:53,1011.602402,-6.787795509,39.22257822,
15:57:54,1011.607666,-6.787718049,39.22261447,
15:57:55,1011.615677,-6.78763151,39.22265496,
15:57:56,1011.631088,-6.787549951,39.22269313,
15:57:57,1011.65062,-6.787458199,39.22273606,
15:57:58,1011.664581,-6.787354758,39.22277263,
15:57:59,1011.680222,-6.787222094,39.22281588,
15:58:00,1011.698532,-6.78709341,39.22284477,
15:58:01,1011.713791,-6.786966352,39.222887,
15:58:02,1011.723328,-6.786870746,39.2228975,
15:58:03,1011.733856,-6.786799445,39.22289489,
15:58:04,1011.740494,-6.786713723,39.222907,
15:58:05,1011.748886,-6.786636954,39.22292012,
15:58:06,1011.752472,-6.786524627,39.22294012,
15:58:07,1011.755295,-6.786430435,39.22294784,
15:58:08,1011.75972,-6.786338287,39.22295355,
15:58:09,1011.762543,-6.786247553,39.22295149,
15:58:10,1011.762543,-6.786155126,39.22294285,
15:58:11,1011.761475,-6.786070011,39.22294028,
15:58:12,1011.760559,-6.785980508,39.22293626,
15:58:13,1011.758499,-6.785884756,39.22294084,
15:58:14,1011.758499,-6.785786306,39.2229281,
15:58:15,1011.758957,-6.785693075,39.22290596,
15:58:16,1011.763,-6.785587381,39.22289693,
15:58:17,1011.77536,-6.785485076,39.22289435,
15:58:18,1011.792526,-6.785367348,39.22289178,
15:58:19,1011.815491,-6.78528247,39.22287392,
15:58:20,1011.837158,-6.785175938,39.22285792,
15:58:21,1011.853638,-6.785066256,39.22283938,
15:58:22,1011.860962,-6.784967954,39.22283815,
15:58:23,1011.860962,-6.784874849,39.22283984,
15:58:24,1011.855545,-6.784792798,39.22283047,
15:58:25,1011.845398,-6.784719873,39.2228175,
15:58:26,1011.833572,-6.784635949,39.22280862,
15:58:27,1011.825714,-6.784562421,39.22280039,
15:58:28,1011.820679,-6.784479389,39.22279234,
15:58:29,1011.820679,-6.784401306,39.22279187,
15:58:30,1011.829224,-6.784309624,39.22278767,
15:58:31,1011.846619,-6.784227557,39.22278259,
15:58:32,1011.864166,-6.784145511,39.2227588,
15:58:33,1011.878738,-6.784057414,39.2227494,
15:58:34,1011.893463,-6.783963741,39.2227521,
15:58:35,1011.893463,-6.783873869,39.22273491,
15:58:36,1011.890106,-6.783780001,39.22273437,
15:58:37,1011.885147,-6.783694438,39.22272967,
15:58:38,1011.885147,-6.783614514,39.22272083,
15:58:39,1011.885605,-6.783552767,39.22270314,
15:58:40,1011.891403,-6.783481517,39.22268911,
15:58:41,1011.903458,-6.783413073,39.22268484,
15:58:42,1011.916885,-6.78336332,39.2226762,
15:58:43,1011.932373,-6.78327694,39.22265973,
15:58:44,1011.942596,-6.783226596,39.22264523,
15:58:45,1011.954346,-6.783176079,39.22263875,
15:58:46,1011.961517,-6.783135164,39.22263342,
15:58:47,1011.962891,-6.783094229,39.22262418,
15:58:48,1011.962891,-6.783067287,39.2226177,
15:58:49,1011.961365,-6.783045878,39.2226151,
15:58:50,1011.953888,-6.783039174,39.22261548,
15:58:51,1011.946259,-6.783005091,39.22261774,
15:58:52,1011.941681,-6.782968025,39.22261764,
15:58:53,1011.934586,-6.782925863,39.22261647,
15:58:54,1011.926804,-6.782882437,39.2226085,
15:58:55,1011.92215,-6.782831682,39.22259026,
15:58:56,1011.920013,-6.782757306,39.22257118,
15:58:57,1011.920013,-6.78266117,39.22257841,
15:58:58,1011.924591,-6.782567045,39.22257675,
15:58:59,1011.931,-6.782487356,39.22257534,
15:59:00,1011.936111,-6.782401374,39.22256406,
15:59:01,1011.940842,-6.782310506,39.2225782,
15:59:02,1011.949844,-6.782221941,39.22258945,
15:59:03,1011.960068,-6.782085543,39.22261079,
15:59:04,1011.968384,-6.781961728,39.22263995,
15:59:05,1011.97464,-6.781893297,39.22269162,
15:59:06,1011.983948,-6.781798691,39.22272542,
15:59:07,1011.99173,-6.781722022,39.22277071,
15:59:08,1011.997986,-6.781640421,39.222807,
15:59:09,1012.006912,-6.781530843,39.22285903,
15:59:10,1012.020264,-6.781430172,39.2229145,
15:59:11,1012.032776,-6.781349049,39.22298375,
15:59:12,1012.04834,-6.781270714,39.22303111,
15:59:13,1012.065659,-6.781192189,39.22307852,
15:59:14,1012.081757,-6.781109051,39.22312925,
15:59:15,1012.096405,-6.781049967,39.22317546,
15:59:16,1012.110138,-6.781019339,39.22321387,
15:59:17,1012.117081,-6.780990002,39.22324634,
15:59:18,1012.117081,-6.780958906,39.22327877,
15:59:19,1012.111511,-6.780958333,39.22328514,
15:59:20,1012.10495,-6.780956979,39.22328883,
15:59:21,1012.097015,-6.780974823,39.2232587,
15:59:22,1012.087631,-6.780984209,39.2232409,
15:59:23,1012.07962,-6.780991804,39.22322642,
15:59:24,1012.077789,-6.781002475,39.2232126,
15:59:25,1012.077789,-6.781009731,39.22320577,
15:59:26,1012.078934,-6.781013139,39.22319581,
15:59:27,1012.08107,-6.781017603,39.22319434,
15:59:28,1012.082138,-6.781016711,39.22319156,
15:59:29,1012.082138,-6.781016196,39.22318628,
15:59:30,1012.08046,-6.781019093,39.22317851,
15:59:31,1012.079239,-6.781020932,39.22317513,
15:59:32,1012.077179,-6.78102173,39.22316853,
15:59:33,1012.076721,-6.781021514,39.2231608,
15:59:34,1012.07634,-6.781019467,39.22316425,
15:59:35,1012.0755,-6.781013348,39.2231803,
15:59:36,1012.074966,-6.781013348,39.2231803,
15:59:37,1012.074966,-6.781013348,39.2231803,
15:59:38,1012.076874,-6.781013348,39.2231803,
15:59:39,1012.077332,-6.781013348,39.2231803,
15:59:40,1012.077484,-6.781013348,39.2231803,
15:59:41,1012.079239,-6.781013348,39.2231803,
15:59:42,1012.079239,-6.781013348,39.2231803,
15:59:43,1012.078934,-6.781013348,39.2231803,
15:59:44,1012.078934,-6.781013348,39.2231803,
15:59:45,1012.078934,-6.780994197,39.22317855,
15:59:46,1012.078247,-6.780983513,39.22318084,
15:59:47,1012.077255,-6.780989919,39.22319406,
15:59:48,1012.077026,-6.780983311,39.22320031,
15:59:49,1012.076111,-6.78096503,39.22321113,
15:59:50,1012.073593,-6.780959324,39.22321474,
15:59:51,1012.073593,-6.780965858,39.22321681,
15:59:52,1012.074127,-6.780972335,39.22320463,
15:59:53,1012.076416,-6.780974216,39.22320891,
15:59:54,1012.078934,-6.780980693,39.22319582,
15:59:55,1012.081146,-6.78098674,39.22319706,
15:59:56,1012.081375,-6.780984146,39.22319266,
15:59:57,1012.083511,-6.780989994,39.22319399,
15:59:58,1012.083511,-6.780992393,39.22319172,
15:59:59,1012.083435,-6.780999773,39.22318474,
16:00:00,1012.083435,-6.781002947,39.22318174,
16:00:01,1012.083435,-6.781010343,39.22317474,
16:00:02,1012.083588,-6.781010343,39.22317474,
16:00:03,1012.083435,-6.781010343,39.22317474,
16:00:04,1012.083282,-6.781063323,39.22315475,
16:00:05,1012.082825,-6.78106028,39.22315857,
16:00:06,1012.082825,-6.781057943,39.22316149,
16:00:07,1012.083588,-6.78105457,39.22316602,
16:00:08,1012.085953,-6.781051945,39.22317082,
16:00:09,1012.086868,-6.781048725,39.22317369,
16:00:10,1012.090225,-6.781041421,39.22318233,
16:00:11,1012.092896,-6.781038885,39.22318367,
16:00:12,1012.095413,-6.781038885,39.22318367,
16:00:13,1012.097168,-6.781038885,39.22318367,
16:00:14,1012.099533,-6.781038885,39.22318367,
16:00:15,1012.099762,-6.781014367,39.2232019,
16:00:16,1012.099762,-6.781014367,39.2232019,
16:00:17,1012.099075,-6.781008094,39.22319642,
16:00:18,1012.098846,-6.781009419,39.22319189,
16:00:19,1012.091141,-6.781009419,39.22319189,
16:00:20,1012.085495,-6.781006401,39.22319401,
16:00:21,1012.07901,-6.781003643,39.2231855,
16:00:22,1012.075806,-6.78099226,39.22317866,
16:00:23,1012.070084,-6.780962253,39.22319916,
16:00:24,1012.070084,-6.780877972,39.2232791,
16:00:25,1012.075348,-6.780904,39.22328819,
16:00:26,1012.078857,-6.780880008,39.22331664,
16:00:27,1012.079239,-6.780824326,39.22336631,
16:00:28,1012.080688,-6.780789861,39.22341497,
16:00:29,1012.080688,-6.780759197,39.22345601,
16:00:30,1012.07962,-6.780725126,39.22350879,
16:00:31,1012.077637,-6.780689081,39.22357204,
16:00:32,1012.0755,-6.780645911,39.22364228,
16:00:33,1012.072754,-6.780575417,39.22370478,
16:00:34,1012.072754,-6.780533975,39.22377676,
16:00:35,1012.078934,-6.780491013,39.22384822,
16:00:36,1012.082138,-6.780445608,39.22392531,
16:00:37,1012.085876,-6.780399297,39.22400463,
16:00:38,1012.093811,-6.780356248,39.22408815,
16:00:39,1012.10556,-6.780311592,39.22417285,
16:00:40,1012.115707,-6.780264641,39.22425291,
16:00:41,1012.128525,-6.780211377,39.22432801,
16:00:42,1012.14119,-6.780169217,39.22439602,
16:00:43,1012.153091,-6.780124602,39.224468,
16:00:44,1012.159348,-6.780084869,39.2245321,
16:00:45,1012.163239,-6.780049159,39.2245868,
16:00:46,1012.163773,-6.780010963,39.22464575,
16:00:47,1012.167206,-6.779968148,39.22471468,
16:00:48,1012.171021,-6.77994227,39.22477259,
16:00:49,1012.177353,-6.779902572,39.22482946,
16:00:50,1012.183914,-6.779860123,39.22489476,
16:00:51,1012.192917,-6.779815565,39.2249633,
16:00:52,1012.199936,-6.779773903,39.22502739,
16:00:53,1012.205887,-6.779739345,39.2250838,
16:00:54,1012.206955,-6.779703862,39.22514132,
16:00:55,1012.210007,-6.779672057,39.22519288,
16:00:56,1012.214203,-6.779634503,39.22525394,
16:00:57,1012.221222,-6.779595884,39.22531676,
16:00:58,1012.228699,-6.779556987,39.22538002,
16:00:59,1012.245331,-6.779516074,39.22544657,
16:01:00,1012.258224,-6.77947414,39.22551477,
16:01:01,1012.282791,-6.779420274,39.22558083,
16:01:02,1012.301559,-6.779383161,39.2256446,
16:01:03,1012.317429,-6.779347383,39.22570789,
16:01:04,1012.334213,-6.77932375,39.2257445,
16:01:05,1012.349548,-6.779309037,39.22576776,
16:01:06,1012.349548,-6.7792986,39.22579085,
16:01:07,1012.347794,-6.779289667,39.22580426,
16:01:08,1012.345123,-6.779283393,39.22580924,
16:01:09,1012.34169,-6.779275871,39.22581675,
16:01:10,1012.328415,-6.779256184,39.22583457,
16:01:11,1012.32605,-6.77921023,39.22585217,
16:01:12,1012.325974,-6.779190985,39.22590726,
16:01:13,1012.323914,-6.779152202,39.22596539,
16:01:14,1012.323914,-6.779107159,39.22576465,
16:01:15,1012.326584,-6.778923761,39.22565451,
16:01:16,1012.333908,-6.778742193,39.22569318,
16:01:17,1012.342377,-6.778676828,39.22571463,
16:01:18,1012.351456,-6.778727828,39.22608577,
16:01:19,1012.368546,-6.778654934,39.22609801,
16:01:20,1012.387085,-6.778599117,39.22610737,
16:01:21,1012.407532,-6.778775726,39.22659015,
16:01:22,1012.426529,-6.778727609,39.22666966,
16:01:23,1012.444,-6.778681544,39.2267453,
16:01:24,1012.456131,-6.778638668,39.2268157,
16:01:25,1012.466888,-6.778590744,39.22689562,
16:01:26,1012.480087,-6.778540488,39.22697898,
16:01:27,1012.494659,-6.778492171,39.22705912,
16:01:28,1012.512512,-6.778443532,39.22713979,
16:01:29,1012.533798,-6.778394984,39.22722032,
16:01:30,1012.556534,-6.778344433,39.22730416,
16:01:31,1012.572327,-6.778292281,39.22739067,
16:01:32,1012.586517,-6.778263794,39.22746168,
16:01:33,1012.601624,-6.778219491,39.2275452,
16:01:34,1012.616577,-6.778183158,39.22762617,
16:01:35,1012.630463,-6.778139919,39.22771306,
16:01:36,1012.641678,-6.778092684,39.22780154,
16:01:37,1012.65007,-6.778044684,39.22788882,
16:01:38,1012.664566,-6.777983301,39.22795986,
16:01:39,1012.683868,-6.777923631,39.22804066,
16:01:40,1012.698441,-6.777872302,39.22812228,
16:01:41,1012.7211,-6.777827285,39.22819422,
16:01:42,1012.748947,-6.777786454,39.22825774,
16:01:43,1012.773132,-6.777746105,39.22832166,
16:01:44,1012.789307,-6.777710804,39.22838392,
16:01:45,1012.808914,-6.77767509,39.22843852,
16:01:46,1012.821732,-6.777655171,39.228478,
16:01:47,1012.827072,-6.777650694,39.22851111,
16:01:48,1012.827072,-6.777633309,39.22851297,
16:01:49,1012.826309,-6.777635178,39.22851026,
16:01:50,1012.82074,-6.777646427,39.22849396,
16:01:51,1012.817612,-6.777677416,39.22844904,
16:01:52,1012.815857,-6.777685526,39.22843729,
16:01:53,1012.815857,-6.777686995,39.22843516,
16:01:54,1012.816849,-6.777686995,39.22843516,
16:01:55,1012.816849,-6.777696753,39.22844863,
16:01:56,1012.816467,-6.777693538,39.22844725,
16:01:57,1012.81601,-6.777685713,39.22844663,
16:01:58,1012.815552,-6.777681349,39.22844301,
16:01:59,1012.815552,-6.777680001,39.22844352,
16:02:00,1012.815628,-6.777681842,39.22843978,
16:02:01,1012.815933,-6.777680401,39.22843588,
16:02:02,1012.817154,-6.777677691,39.22843533,
16:02:03,1012.817154,-6.77766977,39.22843791,
16:02:04,1012.816162,-6.7776663,39.22843593,
16:02:05,1012.815933,-6.777663886,39.22843881,
16:02:06,1012.816162,-6.777662044,39.22843502,
16:02:07,1012.81723,-6.777654858,39.22843674,
16:02:08,1012.818298,-6.77765457,39.22844152,
16:02:09,1012.818985,-6.777648485,39.22844141,
16:02:10,1012.819138,-6.777650858,39.22844135,
16:02:11,1012.819061,-6.77765733,39.22844477,
16:02:12,1012.819138,-6.777662693,39.22844987,
16:02:13,1012.820282,-6.777662089,39.22845481,
16:02:14,1012.820587,-6.777663434,39.228458,
16:02:15,1012.822113,-6.777663189,39.22845948,
16:02:16,1012.824097,-6.777667395,39.22846043,
16:02:17,1012.825012,-6.777674873,39.22845742,
16:02:18,1012.825394,-6.777675537,39.22845557,
16:02:19,1012.825394,-6.777677105,39.22845425,
16:02:20,1012.826538,-6.777682703,39.2284564,
16:02:21,1012.827225,-6.777688125,39.22845461,
16:02:22,1012.828827,-6.777692245,39.22845605,
16:02:23,1012.832184,-6.777692601,39.22845582,
16:02:24,1012.834167,-6.777692601,39.22845582,
16:02:25,1012.834778,-6.777692601,39.22845582,
16:02:26,1012.834167,-6.777692601,39.22845582,
16:02:27,1012.832642,-6.777682023,39.22844943,
16:02:28,1012.829208,-6.777681137,39.22845086,
16:02:29,1012.825089,-6.777682669,39.22844839,
16:02:30,1012.81868,-6.777683483,39.22844707,
16:02:31,1012.811661,-6.777695064,39.22845876,
16:02:32,1012.803497,-6.777696783,39.22845561,
16:02:33,1012.79747,-6.777696783,39.22845561,
16:02:34,1012.791214,-6.777696783,39.22845561,
16:02:35,1012.788544,-6.777692389,39.22845592,
16:02:36,1012.784958,-6.777689402,39.22846277,
16:02:37,1012.784119,-6.777686466,39.22846074,
16:02:38,1012.784119,-6.777686925,39.22845934,
16:02:39,1012.785339,-6.777688695,39.22845478,
16:02:40,1012.787094,-6.777687936,39.22845756,
16:02:41,1012.791824,-6.777687898,39.22845894,
16:02:42,1012.795639,-6.777686963,39.22845693,
16:02:43,1012.795639,-6.777685212,39.22845576,
16:02:44,1012.796936,-6.777685212,39.22845576,
16:02:45,1012.795029,-6.777688869,39.22844932,
16:02:46,1012.794647,-6.777678756,39.2284623,
16:02:47,1012.793961,-6.777671192,39.22847763,
16:02:48,1012.793961,-6.777656285,39.22850392,
16:02:49,1012.794342,-6.777618374,39.22853461,
16:02:50,1012.794342,-6.777584068,39.22858433,
16:02:51,1012.794342,-6.777551096,39.22863212,
16:02:52,1012.7948,-6.777511779,39.2286891,
16:02:53,1012.797318,-6.777474565,39.22876018,
16:02:54,1012.797775,-6.777432975,39.22883239,
16:02:55,1012.805176,-6.777387949,39.22891057,
16:02:56,1012.810364,-6.777341456,39.22898378,
16:02:57,1012.817917,-6.777293417,39.22905779,
16:02:58,1012.825623,-6.777243203,39.22913517,
16:02:59,1012.837448,-6.777199468,39.22923161,
16:03:00,1012.848892,-6.777140944,39.22931134,
16:03:01,1012.860413,-6.777072948,39.22939077,
16:03:02,1012.872086,-6.777004639,39.22947107,
16:03:03,1012.886658,-6.776934053,39.22954447,
16:03:04,1012.895737,-6.776861481,39.22961377,
16:03:05,1012.902756,-6.77678208,39.22968906,
16:03:06,1012.910156,-6.776705441,39.22975659,
16:03:07,1012.919617,-6.776625404,39.22982418,
16:03:08,1012.931213,-6.776545113,39.22989459,
16:03:09,1012.941971,-6.776467674,39.22996461,
16:03:10,1012.95784,-6.77638851,39.2300287,
16:03:11,1012.977219,-6.776306612,39.2300977,
16:03:12,1012.992935,-6.77622096,39.23016522,
16:03:13,1013.005142,-6.776140072,39.23023117,
16:03:14,1013.020935,-6.776059938,39.23029388,
16:03:15,1013.030548,-6.775976233,39.23035786,
16:03:16,1013.038864,-6.775898179,39.23041865,
16:03:17,1013.043671,-6.775823215,39.23047368,
16:03:18,1013.043671,-6.775747476,39.23052931,
16:03:19,1013.038025,-6.775683621,39.23058069,
16:03:20,1013.030548,-6.77562017,39.2306353,
16:03:21,1013.024139,-6.775550612,39.2306918,
16:03:22,1013.024139,-6.775477605,39.23075407,
16:03:23,1013.037491,-6.775403843,39.23081505,
16:03:24,1013.064728,-6.775325604,39.23087282,
16:03:25,1013.090057,-6.7752475,39.2309314,
16:03:26,1013.122711,-6.775176361,39.23098179,
16:03:27,1013.152618,-6.77510844,39.23102803,
16:03:28,1013.17749,-6.77504653,39.23106769,
16:03:29,1013.191605,-6.775001357,39.2310988,
16:03:30,1013.199234,-6.774972922,39.23112556,
16:03:31,1013.199234,-6.77495137,39.23114493,
16:03:32,1013.195877,-6.774932571,39.23116267,
16:03:33,1013.186493,-6.774908762,39.23118178,
16:03:34,1013.178177,-6.774882196,39.23120302,
16:03:35,1013.172989,-6.774845766,39.23123264,
16:03:36,1013.167038,-6.774799287,39.23127356,
16:03:37,1013.160172,-6.774755079,39.23131661,
16:03:38,1013.15567,-6.774705853,39.23136499,
16:03:39,1013.149338,-6.774642978,39.23141961,
16:03:40,1013.144302,-6.774585911,39.23148504,
16:03:41,1013.139114,-6.774535772,39.23154944,
16:03:42,1013.135986,-6.774479206,39.23162281,
16:03:43,1013.134079,-6.774423463,39.2317013,
16:03:44,1013.130646,-6.774372464,39.23178649,
16:03:45,1013.130646,-6.774326438,39.23187653,
16:03:46,1013.136749,-6.774278305,39.23197128,
16:03:47,1013.143082,-6.774246155,39.23206549,
16:03:48,1013.145523,-6.774217663,39.23215924,
16:03:49,1013.155518,-6.774190119,39.23226001,
16:03:50,1013.168182,-6.774171239,39.23236409,
16:03:51,1013.181305,-6.774155917,39.2324697,
16:03:52,1013.189163,-6.774154021,39.23257727,
16:03:53,1013.205566,-6.774136478,39.23267965,
16:03:54,1013.225784,-6.774154,39.23278805,
16:03:55,1013.248444,-6.774161268,39.23287313,
16:03:56,1013.275986,-6.774174788,39.23295978,
16:03:57,1013.311081,-6.774200327,39.23302971,
16:03:58,1013.347473,-6.774195903,39.23309115,
16:03:59,1013.375626,-6.774215624,39.23313136,
16:04:00,1013.396683,-6.774214394,39.23316302,
16:04:01,1013.400421,-6.774215193,39.23317181,
16:04:02,1013.400421,-6.774216505,39.23317694,
16:04:03,1013.394699,-6.774214331,39.23317228,
16:04:04,1013.38829,-6.774211398,39.2331793,
16:04:05,1013.386078,-6.774213599,39.23318311,
16:04:06,1013.386078,-6.774216246,39.23317565,
16:04:07,1013.386765,-6.774218519,39.23317426,
16:04:08,1013.386917,-6.774219516,39.2331697,
16:04:09,1013.386765,-6.774206947,39.23317291,
16:04:10,1013.386917,-6.774206947,39.23317291,
16:04:11,1013.388443,-6.774206947,39.23317291,
16:04:12,1013.389435,-6.774206947,39.23317291,
16:04:13,1013.391418,-6.774218867,39.2331769,
16:04:14,1013.394775,-6.774207609,39.23317811,
16:04:15,1013.397903,-6.774210992,39.23317877,
16:04:16,1013.397903,-6.774210992,39.23317877,
16:04:17,1013.396912,-6.774210992,39.23317877,
16:04:18,1013.393021,-6.774210992,39.23317877,
16:04:19,1013.389053,-6.774210992,39.23317877,
16:04:20,1013.382568,-6.774210992,39.23317877,
16:04:21,1013.379364,-6.77418237,39.23318614,
16:04:22,1013.37883,-6.774182826,39.23318777,
16:04:23,1013.378143,-6.774182826,39.23318777,
16:04:24,1013.377914,-6.774186952,39.23318776,
16:04:25,1013.377914,-6.774189152,39.23318629,
16:04:26,1013.378067,-6.774189152,39.23318629,
16:04:27,1013.378067,-6.774189152,39.23318629,
16:04:28,1013.378067,-6.774189152,39.23318629,
16:04:29,1013.37883,-6.774195412,39.23318208,
16:04:30,1013.38028,-6.774195507,39.23318066,
16:04:31,1013.380585,-6.774195919,39.23317689,
16:04:32,1013.380661,-6.774195965,39.23317657,
16:04:33,1013.380661,-6.774198057,39.23316615,
16:04:34,1013.380585,-6.774200876,39.23316352,
16:04:35,1013.380051,-6.774202771,39.23316458,
16:04:36,1013.38028,-6.774203143,39.23316312,
16:04:37,1013.38028,-6.774203143,39.23316312,
16:04:38,1013.381882,-6.774203143,39.23316312,
16:04:39,1013.382874,-6.774203143,39.23316312,
16:04:40,1013.384628,-6.774203143,39.23316312,
16:04:41,1013.389282,-6.774203143,39.23316312,
16:04:42,1013.393631,-6.774203143,39.23316312,
16:04:43,1013.396912,-6.774203143,39.23316312,
16:04:44,1013.400116,-6.774203143,39.23316312,
16:04:45,1013.401566,-6.774203143,39.23316312,
16:04:46,1013.402481,-6.774203143,39.23316312,
16:04:47,1013.401566,-6.774203143,39.23316312,
16:04:48,1013.397751,-6.774203143,39.23316312,
16:04:49,1013.395538,-6.774208445,39.23317254,
16:04:50,1013.395538,-6.774214103,39.23318051,
16:04:51,1013.398285,-6.774221282,39.2331933,
16:04:52,1013.401794,-6.774211531,39.23320892,
16:04:53,1013.408432,-6.774213439,39.2332239,
16:04:54,1013.41629,-6.774214673,39.23323359,
16:04:55,1013.41629,-6.774215587,39.23324077,
16:04:56,1013.415909,-6.774215975,39.23324382,
16:04:57,1013.412399,-6.774215657,39.23324132,
16:04:58,1013.411331,-6.774215602,39.23324089,
16:04:59,1013.407059,-6.774215508,39.23324015,
16:05:00,1013.405838,-6.774215508,39.23324015,
16:05:01,1013.405838,-6.774215508,39.23324015,
16:05:02,1013.405228,-6.774215508,39.23324015,
16:05:03,1013.404617,-6.774215508,39.23324015,
16:05:04,1013.404617,-6.774215508,39.23324015,
16:05:05,1013.403549,-6.774215508,39.23324015,
16:05:06,1013.39798,-6.774215508,39.23324015,
16:05:07,1013.392868,-6.77421667,39.23324928,
16:05:08,1013.389282,-6.774218346,39.23326244,
16:05:09,1013.38501,-6.774228069,39.23329812,
16:05:10,1013.38028,-6.774234453,39.2333367,
16:05:11,1013.38028,-6.774242296,39.23338409,
16:05:12,1013.381577,-6.77425114,39.23343752,
16:05:13,1013.381958,-6.774260865,39.23349628,
16:05:14,1013.384857,-6.774268003,39.23355387,
16:05:15,1013.391876,-6.77427758,39.23361924,
16:05:16,1013.398361,-6.774287476,39.23368678,
16:05:17,1013.403244,-6.774294236,39.23374875,
16:05:18,1013.408051,-6.774302305,39.23381856,
16:05:19,1013.413162,-6.774310101,39.233886,
16:05:20,1013.416672,-6.774317661,39.23395141,
16:05:21,1013.416672,-6.774317443,39.23400696,
16:05:22,1013.41835,-6.774319957,39.23408736,
16:05:23,1013.418884,-6.774317888,39.23415973,
16:05:24,1013.419418,-6.774314035,39.23425349,
16:05:25,1013.421707,-6.774301454,39.23435446,
16:05:26,1013.425674,-6.774282373,39.23445721,
16:05:27,1013.432007,-6.774257293,39.23455964,
16:05:28,1013.437729,-6.774225747,39.23465825,
16:05:29,1013.441162,-6.774178098,39.23476806,
16:05:30,1013.443527,-6.774107963,39.23486538,
16:05:31,1013.443527,-6.774043493,39.23496976,
16:05:32,1013.453598,-6.773971062,39.23506397,
16:05:33,1013.462524,-6.773886475,39.23515762,
16:05:34,1013.466263,-6.773796308,39.23524749,
16:05:35,1013.485489,-6.773696462,39.23533813,
16:05:36,1013.499222,-6.773610646,39.23543124,
16:05:37,1013.50296,-6.773511159,39.2355117,
16:05:38,1013.508835,-6.77341756,39.23558739,
16:05:39,1013.522263,-6.773317378,39.23566517,
16:05:40,1013.53714,-6.773208551,39.23576812,
16:05:41,1013.559189,-6.773111895,39.2358402,
16:05:42,1013.58345,-6.773025322,39.2359059,
16:05:43,1013.604813,-6.772949422,39.2359602,
16:05:44,1013.620911,-6.772879822,39.23600764,
16:05:45,1013.636246,-6.772811839,39.2360533,
16:05:46,1013.64296,-6.77276814,39.2361005,
16:05:47,1013.647385,-6.77272134,39.23615082,
16:05:48,1013.652649,-6.772675927,39.23619104,
16:05:49,1013.659363,-6.772624389,39.23623328,
16:05:50,1013.664932,-6.772573854,39.23627346,
16:05:51,1013.677597,-6.772529761,39.23630825,
16:05:52,1013.690186,-6.77249144,39.23633774,
16:05:53,1013.704529,-6.772460785,39.23636184,
16:05:54,1013.714905,-6.772432322,39.23638478,
16:05:55,1013.721161,-6.772419648,39.23639445,
16:05:56,1013.724213,-6.772414154,39.23638905,
16:05:57,1013.724213,-6.772408477,39.2363963,
16:05:58,1013.723907,-6.772408387,39.23639636,
16:05:59,1013.722916,-6.772408387,39.23639636,
16:06:00,1013.721771,-6.772408387,39.23639636,
16:06:01,1013.721771,-6.772408387,39.23639636,
16:06:02,1013.720474,-6.772408387,39.23639636,
16:06:03,1013.717499,-6.772408387,39.23639636,
16:06:04,1013.716202,-6.772408387,39.23639636,
16:06:05,1013.716202,-6.772408387,39.23639636,
16:06:06,1013.717346,-6.772408387,39.23639636,
16:06:07,1013.718262,-6.772408387,39.23639636,
16:06:08,1013.718262,-6.772408387,39.23639636,
16:06:09,1013.717804,-6.772408387,39.23639636,
16:06:10,1013.71521,-6.772408387,39.23639636,
16:06:11,1013.712082,-6.772408387,39.23639636,
16:06:12,1013.708344,-6.772408387,39.23639636,
16:06:13,1013.707123,-6.772408387,39.23639636,
16:06:14,1013.707123,-6.772408387,39.23639636,
16:06:15,1013.710632,-6.772408387,39.23639636,
16:06:16,1013.712158,-6.772408387,39.23639636,
16:06:17,1013.713303,-6.772408387,39.23639636,
16:06:18,1013.713303,-6.772408387,39.23639636,
16:06:19,1013.713074,-6.772408387,39.23639636,
16:06:20,1013.712616,-6.772408387,39.23639636,
16:06:21,1013.712311,-6.772408387,39.23639636,
16:06:22,1013.711319,-6.772408387,39.23639636,
16:06:23,1013.710632,-6.772408387,39.23639636,
16:06:24,1013.71048,-6.772408387,39.23639636,
16:06:25,1013.709641,-6.772408387,39.23639636,
16:06:26,1013.709259,-6.772408387,39.23639636,
16:06:27,1013.705368,-6.772408387,39.23639636,
16:06:28,1013.70285,-6.772408387,39.23639636,
16:06:29,1013.699188,-6.772408387,39.23639636,
16:06:30,1013.694153,-6.772408387,39.23639636,
16:06:31,1013.687286,-6.772408387,39.23639636,
16:06:32,1013.685074,-6.772408387,39.23639636,
16:06:33,1013.681717,-6.772408387,39.23639636,
16:06:34,1013.678207,-6.772408387,39.23639636,
16:06:35,1013.6763,-6.772408387,39.23639636,
16:06:36,1013.676147,-6.772408387,39.23639636,
16:06:37,1013.6763,-6.772408387,39.23639636,
16:06:38,1013.6763,-6.772408387,39.23639636,
16:06:39,1013.678894,-6.772408387,39.23639636,
16:06:40,1013.682785,-6.772408387,39.23639636,
16:06:41,1013.687439,-6.772408387,39.23639636,
16:06:42,1013.690643,-6.772408387,39.23639636,
16:06:43,1013.693161,-6.772408387,39.23639636,
16:06:44,1013.696213,-6.772408387,39.23639636,
16:06:45,1013.698807,-6.772408387,39.23639636,
16:06:46,1013.698807,-6.772408387,39.23639636,
16:06:47,1013.699188,-6.772408387,39.23639636,
16:06:48,1013.699722,-6.772408387,39.23639636,
16:06:49,1013.699722,-6.772408387,39.23639636,
16:06:50,1013.69873,-6.772408387,39.23639636,
16:06:51,1013.69873,-6.772408387,39.23639636,
16:06:52,1013.700409,-6.772408387,39.23639636,
16:06:53,1013.700562,-6.772408387,39.23639636,
16:06:54,1013.701553,-6.772408387,39.23639636,
16:06:55,1013.703156,-6.772408387,39.23639636,
16:06:56,1013.703461,-6.772408387,39.23639636,
16:06:57,1013.703766,-6.772408387,39.23639636,
16:06:58,1013.704758,-6.772408387,39.23639636,
16:06:59,1013.705673,-6.772408387,39.23639636,
16:07:00,1013.705673,-6.772408387,39.23639636,
16:07:01,1013.705063,-6.772408387,39.23639636,
16:07:02,1013.703842,-6.772408387,39.23639636,
16:07:03,1013.702469,-6.772408387,39.23639636,
16:07:04,1013.701477,-6.772408387,39.23639636,
16:07:05,1013.701248,-6.772408387,39.23639636,
16:07:06,1013.701477,-6.772408387,39.23639636,
16:07:07,1013.701706,-6.772408387,39.23639636,
16:07:08,1013.702316,-6.772408387,39.23639636,
16:07:09,1013.704834,-6.772408387,39.23639636,
16:07:10,1013.70697,-6.772408387,39.23639636,
16:07:11,1013.709869,-6.772408387,39.23639636,
16:07:12,1013.712845,-6.772408387,39.23639636,
16:07:13,1013.714752,-6.772408387,39.23639636,
16:07:14,1013.715515,-6.77236371,39.23639204,
16:07:15,1013.715973,-6.77236655,39.23639305,
16:07:16,1013.715973,-6.772369685,39.23639424,
16:07:17,1013.716049,-6.772369673,39.23639439,
16:07:18,1013.716049,-6.772369673,39.23639439,
16:07:19,1013.715668,-6.772369673,39.23639439,
16:07:20,1013.715668,-6.772369673,39.23639439,
16:07:21,1013.716431,-6.772369673,39.23639439,
16:07:22,1013.716812,-6.772369673,39.23639439,
16:07:23,1013.717422,-6.772369673,39.23639439,
16:07:24,1013.717422,-6.772381082,39.23639559,
16:07:25,1013.717422,-6.772380462,39.23639573,
16:07:26,1013.715591,-6.772380084,39.23639191,
16:07:27,1013.713303,-6.772380084,39.23639191,
16:07:28,1013.712692,-6.772380084,39.23639191,
16:07:29,1013.712692,-6.772380084,39.23639191,
16:07:30,1013.714828,-6.772380084,39.23639191,
16:07:31,1013.714828,-6.772380084,39.23639191,
16:07:32,1013.715591,-6.772380084,39.23639191,
16:07:33,1013.715591,-6.772380084,39.23639191,
16:07:34,1013.713837,-6.772380084,39.23639191,
16:07:35,1013.711929,-6.772381732,39.2363948,
16:07:36,1013.710785,-6.772377169,39.23639546,
16:07:37,1013.710175,-6.772377169,39.23639546,
16:07:38,1013.707275,-6.772377169,39.23639546,
16:07:39,1013.707275,-6.772377169,39.23639546,
16:07:40,1013.707504,-6.772377169,39.23639546,
16:07:41,1013.707504,-6.772377169,39.23639546,
16:07:42,1013.705673,-6.772380357,39.2363962,
16:07:43,1013.705673,-6.772379766,39.23639609,
16:07:44,1013.706284,-6.772379766,39.23639609,
16:07:45,1013.706665,-6.772379766,39.23639609,
16:07:46,1013.708038,-6.772379766,39.23639609,
16:07:47,1013.709946,-6.772379766,39.23639609,
16:07:48,1013.710709,-6.772379766,39.23639609,
16:07:49,1013.711929,-6.772379766,39.23639609,
16:07:50,1013.711929,-6.772379766,39.23639609,
16:07:51,1013.7117,-6.772379766,39.23639609,
16:07:52,1013.710175,-6.772379766,39.23639609,
16:07:53,1013.709869,-6.772379766,39.23639609,
16:07:54,1013.708115,-6.772379766,39.23639609,
16:07:55,1013.705902,-6.772379766,39.23639609,
16:07:56,1013.70369,-6.772391633,39.2363867,
16:07:57,1013.70369,-6.772393609,39.23639131,
16:07:58,1013.703232,-6.772390982,39.23639382,
16:07:59,1013.70285,-6.772390937,39.23639415,
16:08:00,1013.70285,-6.772390937,39.23639415,
16:08:01,1013.703537,-6.772390937,39.23639415,
16:08:02,1013.703766,-6.772390937,39.23639415,
16:08:03,1013.703918,-6.772390937,39.23639415,
16:08:04,1013.705826,-6.772390937,39.23639415,
16:08:05,1013.705978,-6.772390937,39.23639415,
16:08:06,1013.706284,-6.772390937,39.23639415,
16:08:07,1013.707886,-6.772390937,39.23639415,
16:08:08,1013.709564,-6.772390937,39.23639415,
16:08:09,1013.709946,-6.772390937,39.23639415,
16:08:10,1013.710709,-6.772390937,39.23639415,
16:08:11,1013.712006,-6.772390937,39.23639415,
16:08:12,1013.712158,-6.772390937,39.23639415,
16:08:13,1013.713913,-6.772390937,39.23639415,
16:08:14,1013.713913,-6.772396867,39.23640057,
16:08:15,1013.712616,-6.772392339,39.23639856,
16:08:16,1013.710632,-6.772392339,39.23639856,
16:08:17,1013.709259,-6.772392339,39.23639856,
16:08:18,1013.703232,-6.772392339,39.23639856,
16:08:19,1013.703232,-6.772392339,39.23639856,
16:08:20,1013.706741,-6.772392339,39.23639856,
16:08:21,1013.712387,-6.772362634,39.23641036,
16:08:22,1013.717041,-6.772345787,39.23641979,
16:08:23,1013.727112,-6.77232915,39.23643271,
16:08:24,1013.727112,-6.772309222,39.23644392,
16:08:25,1013.72467,-6.772300421,39.23645563,
16:08:26,1013.722229,-6.772296018,39.23646108,
16:08:27,1013.718796,-6.772293842,39.23646508,
16:08:28,1013.71376,-6.772295313,39.23646335,
16:08:29,1013.711929,-6.772295313,39.23646335,
16:08:30,1013.706894,-6.772295313,39.23646335,
16:08:31,1013.700256,-6.772295313,39.23646335,
16:08:32,1013.696213,-6.772288683,39.23647376,
16:08:33,1013.690491,-6.772288683,39.23647376,
16:08:34,1013.690491,-6.772275287,39.23647956,
16:08:35,1013.700714,-6.772257756,39.23649611,
16:08:36,1013.712463,-6.772225336,39.23651484,
16:08:37,1013.719864,-6.772186133,39.23654439,
16:08:38,1013.730011,-6.772135223,39.23658993,
16:08:39,1013.73558,-6.772095384,39.23662392,
16:08:40,1013.736649,-6.772059382,39.23665344,
16:08:41,1013.740082,-6.772019368,39.23668871,
16:08:42,1013.748932,-6.771976007,39.23672695,
16:08:43,1013.756638,-6.771934571,39.23675667,
16:08:44,1013.763275,-6.771903272,39.23678135,
16:08:45,1013.765335,-6.77187743,39.23680071,
16:08:46,1013.765335,-6.771862886,39.23681773,
16:08:47,1013.761978,-6.771857412,39.23682589,
16:08:48,1013.749771,-6.771848316,39.23683269,
16:08:49,1013.736725,-6.771844661,39.23683616,
16:08:50,1013.728333,-6.771857761,39.23682491,
16:08:51,1013.728333,-6.771857761,39.23682491,
16:08:52,1013.731155,-6.771857761,39.23682491,
16:08:53,1013.746338,-6.771824198,39.23682821,
16:08:54,1013.767471,-6.771806543,39.23683261,
16:08:55,1013.780441,-6.771777459,39.23684203,
16:08:56,1013.786392,-6.771755106,39.23685515,
16:08:57,1013.786392,-6.771739749,39.23686864,
16:08:58,1013.784332,-6.771735115,39.23687007,
16:08:59,1013.77388,-6.771737633,39.2368685,
16:09:00,1013.768997,-6.771737633,39.2368685,
16:09:01,1013.766479,-6.771737633,39.2368685,
16:09:02,1013.765259,-6.771719085,39.23688319,
16:09:03,1013.762054,-6.771715875,39.23688811,
16:09:04,1013.762054,-6.771715875,39.23688811,
16:09:05,1013.762054,-6.771705265,39.23689268,
16:09:06,1013.761673,-6.771696417,39.23689841,
16:09:07,1013.761673,-6.771696417,39.23689841,
16:09:08,1013.762589,-6.771696417,39.23689841,
16:09:09,1013.762589,-6.771696417,39.23689841,
16:09:10,1013.761292,-6.771696417,39.23689841,
16:09:11,1013.760834,-6.771696417,39.23689841,
16:09:12,1013.760834,-6.771696417,39.23689841,
16:09:13,1013.760605,-6.771696417,39.23689841,
16:09:14,1013.760223,-6.771696417,39.23689841,
16:09:15,1013.758774,-6.771696417,39.23689841,
16:09:16,1013.758621,-6.771696417,39.23689841,
16:09:17,1013.755112,-6.771696417,39.23689841,
,,,,
,,,,